"SERIE","NOMBRE","CODM","NOMBREM","CODP","NOMBREP","PAJU","FNAC","FECR","FECS","TIPO","RAZA","SEXO","COLORBO","COLORPE","COLORMO","OBSER","PROCEDE","ESTADO","PESOI","PRECIO","PPIES","PESACT","FULPES","PESDES","FECDES","NPARTO","DPARTO","NSERVI","FECUA","FECUP","ABORTO","EDADPP","PESOPP","TIPOAP","TIPOPS","LOTE","LPROD","LPAST","LNACI","LTEMP","ASOC1","SERIE1","ASOC2","SERIE2","ASOC3","SERIE3","ULTGDP","COD","CODAP","CODPS","TIPOREGISTRO1","TIPOREGISTRO2","RAZAPADRE","RAZAMADRE","FECNACPADRE","FECNACMADRE","NROREGPADRE1","NROREGPADRE2","NROREGMADRE1","NROREGMADRE2","ASOCPADRE1","ASOCPADRE2","ASOCMADRE1","ASOCMADRE2","TIPOREGPADRE1","TIPOREGPADRE2","TIPOREGMADRE1","TIPOREGMADRE2","CODAINIORD","Pa1","Pa2","Pa3","Pa4","UA","EsPajuelaPadre","Vaquera","Historia","NCRIAS","NPARREPOR","NABOREPOR"
"230033","","","","","","","","","","","","False","","","","","","","","","","437","1997-05-03 00:00:00","","","","","","","","","","","","","","","","","","","","","","","","0","","","","","","","","","","","","","","","","","","","","","","","0","0","0","0","0","False","","False","0","0","0"
"7103185","","","","","","","","","","","","False","","","","","","","","","","470","1997-05-03 00:00:00","","","","","","","","","","","","","","","","","","","","","","","","0","","","","","","","","","","","","","","","","","","","","","","","0","0","0","0","0","False","","False","0","0","0"
"220138","","","","","","","","","","","","False","","","","","","","","","","419","1997-05-03 00:00:00","","","","","","","","","","","","","","","","","","","","","","","","0","","","","","","","","","","","","","","","","","","","","","","","0","0","0","0","0","False","","False","0","0","0"
"2100352","","","","","","","","","","","","False","","","","","","","","","","473","1997-05-03 00:00:00","","","","","","","","","","","","","","","","","","","","","","","","0","","","","","","","","","","","","","","","","","","","","","","","0","0","0","0","0","False","","False","0","0","0"
"140001","","","","","","","","","","","","False","","","","","","","","","","427","1997-05-03 00:00:00","","","","","","","","","","","","","","","","","","","","","","","","0","","","","","","","","","","","","","","","","","","","","","","","0","0","0","0","0","False","","False","0","0","0"
"114066","","","","","","","","","","","","False","","","","","","","","","","448","1997-05-03 00:00:00","","","","","","","","","","","","","","","","","","","","","","","","0","","","","","","","","","","","","","","","","","","","","","","","0","0","0","0","0","False","","False","0","0","0"
"7103235","","","","","","","","","","","","False","","","","","","","","","","459","1997-05-03 00:00:00","","","","","","","","","","","","","","","","","","","","","","","","0","","","","","","","","","","","","","","","","","","","","","","","0","0","0","0","0","False","","False","0","0","0"
"113911","","","","","","","","","","","","False","","","","","","","","","","433","1997-05-03 00:00:00","","","","","","","","","","","","","","","","","","","","","","","","0","","","","","","","","","","","","","","","","","","","","","","","0","0","0","0","0","False","","False","0","0","0"
"220106","","","","","","","","","","","","False","","","","","","","","","","442","1997-05-03 00:00:00","","","","","","","","","","","","","","","","","","","","","","","","0","","","","","","","","","","","","","","","","","","","","","","","0","0","0","0","0","False","","False","0","0","0"
"270057","","","","","","","","","","","","False","","","","","","","","","","474","1997-05-03 00:00:00","","","","","","","","","","","","","","","","","","","","","","","","0","","","","","","","","","","","","","","","","","","","","","","","0","0","0","0","0","False","","False","0","0","0"
"220003","","","","","","","","","","","","False","","","","","","","","","","434","1997-05-03 00:00:00","","","","","","","","","","","","","","","","","","","","","","","","0","","","","","","","","","","","","","","","","","","","","","","","0","0","0","0","0","False","","False","0","0","0"
"170015","","","","","","","","","","","","False","","","","","","","","","","422","1997-05-03 00:00:00","","","","","","","","","","","","","","","","","","","","","","","","0","","","","","","","","","","","","","","","","","","","","","","","0","0","0","0","0","False","","False","0","0","0"
"170014","","","","","","","","","","","","False","","","","","","","","","","463","1997-05-03 00:00:00","","","","","","","","","","","","","","","","","","","","","","","","0","","","","","","","","","","","","","","","","","","","","","","","0","0","0","0","0","False","","False","0","0","0"
"270910","","","","","","","","","","","","False","","","","","","","","","","438","1997-05-03 00:00:00","","","","","","","","","","","","","","","","","","","","","","","","0","","","","","","","","","","","","","","","","","","","","","","","0","0","0","0","0","False","","False","0","0","0"
"220050","","","","","","","","","","","","False","","","","","","","","","","451","1997-05-03 00:00:00","","","","","","","","","","","","","","","","","","","","","","","","0","","","","","","","","","","","","","","","","","","","","","","","0","0","0","0","0","False","","False","0","0","0"
"220060","","","","","","","","","","","","False","","","","","","","","","","442","1997-05-03 00:00:00","","","","","","","","","","","","","","","","","","","","","","","","0","","","","","","","","","","","","","","","","","","","","","","","0","0","0","0","0","False","","False","0","0","0"
"7103204","","","","","","","","","","","","False","","","","","","","","","","488","1997-05-03 00:00:00","","","","","","","","","","","","","","","","","","","","","","","","0","","","","","","","","","","","","","","","","","","","","","","","0","0","0","0","0","False","","False","0","0","0"
"270620","","","","","","","","","","","","False","","","","","","","","","","476","1997-05-03 00:00:00","","","","","","","","","","","","","","","","","","","","","","","","0","","","","","","","","","","","","","","","","","","","","","","","0","0","0","0","0","False","","False","0","0","0"
"270846","","","","","","","","","","","","False","","","","","","","","","","458","1997-05-03 00:00:00","","","","","","","","","","","","","","","","","","","","","","","","0","","","","","","","","","","","","","","","","","","","","","","","0","0","0","0","0","False","","False","0","0","0"
"270053","","","","","","","","","","","","False","","","","","","","","","","474","1997-05-03 00:00:00","","","","","","","","","","","","","","","","","","","","","","","","0","","","","","","","","","","","","","","","","","","","","","","","0","0","0","0","0","False","","False","0","0","0"
"220081","","","","","","","","","","","","False","","","","","","","","","","468","1997-05-03 00:00:00","","","","","","","","","","","","","","","","","","","","","","","","0","","","","","","","","","","","","","","","","","","","","","","","0","0","0","0","0","False","","False","0","0","0"
"114198","","","","","","","","","","","","False","","","","","","","","","","466","1997-05-03 00:00:00","","","","","","","","","","","","","","","","","","","","","","","","0","","","","","","","","","","","","","","","","","","","","","","","0","0","0","0","0","False","","False","0","0","0"
"270212","","","","","","","","","","","","False","","","","","","","","","","429","1997-05-03 00:00:00","","","","","","","","","","","","","","","","","","","","","","","","0","","","","","","","","","","","","","","","","","","","","","","","0","0","0","0","0","False","","False","0","0","0"
"220135","","","","","","","","","","","","False","","","","","","","","","","455","1997-05-03 00:00:00","","","","","","","","","","","","","","","","","","","","","","","","0","","","","","","","","","","","","","","","","","","","","","","","0","0","0","0","0","False","","False","0","0","0"
"270050","","","","","","","","","","","","False","","","","","","","","","","391","1997-05-03 00:00:00","","","","","","","","","","","","","","","","","","","","","","","","0","","","","","","","","","","","","","","","","","","","","","","","0","0","0","0","0","False","","False","0","0","0"
"270065","","","","","","","","","","","","False","","","","","","","","","","431","1997-05-03 00:00:00","","","","","","","","","","","","","","","","","","","","","","","","0","","","","","","","","","","","","","","","","","","","","","","","0","0","0","0","0","False","","False","0","0","0"
"270041","","","","","","","","","","","","False","","","","","","","","","","488","1997-05-03 00:00:00","","","","","","","","","","","","","","","","","","","","","","","","0","","","","","","","","","","","","","","","","","","","","","","","0","0","0","0","0","False","","False","0","0","0"
"220082","","","","","","","","","","","","False","","","","","","","","","","425","1997-05-03 00:00:00","","","","","","","","","","","","","","","","","","","","","","","","0","","","","","","","","","","","","","","","","","","","","","","","0","0","0","0","0","False","","False","0","0","0"
"220034","","","","","","","","","","","","False","","","","","","","","","","373","1997-05-03 00:00:00","","","","","","","","","","","","","","","","","","","","","","","","0","","","","","","","","","","","","","","","","","","","","","","","0","0","0","0","0","False","","False","0","0","0"
"220137","","","","","","","","","","","","False","","","","","","","","","","470","1997-05-03 00:00:00","","","","","","","","","","","","","","","","","","","","","","","","0","","","","","","","","","","","","","","","","","","","","","","","0","0","0","0","0","False","","False","0","0","0"
"114155","","","","","","","","","","","","False","","","","","","","","","","465","1997-05-03 00:00:00","","","","","","","","","","","","","","","","","","","","","","","","0","","","","","","","","","","","","","","","","","","","","","","","0","0","0","0","0","False","","False","0","0","0"
"270197","","","","","","","","","","","","False","","","","","","","","","","467","1997-05-03 00:00:00","","","","","","","","","","","","","","","","","","","","","","","","0","","","","","","","","","","","","","","","","","","","","","","","0","0","0","0","0","False","","False","0","0","0"
"270147","","","","","","","","","","","","False","","","","","","","","","","404","1997-05-03 00:00:00","","","","","","","","","","","","","","","","","","","","","","","","0","","","","","","","","","","","","","","","","","","","","","","","0","0","0","0","0","False","","False","0","0","0"
"270049","","","","","","","","","","","","False","","","","","","","","","","502","1997-05-03 00:00:00","","","","","","","","","","","","","","","","","","","","","","","","0","","","","","","","","","","","","","","","","","","","","","","","0","0","0","0","0","False","","False","0","0","0"
"270822","","","","","","","","","","","","False","","","","","","","","","","485","1997-05-03 00:00:00","","","","","","","","","","","","","","","","","","","","","","","","0","","","","","","","","","","","","","","","","","","","","","","","0","0","0","0","0","False","","False","0","0","0"
"230060","","","","","","","","","","","","False","","","","","","","","","","430","1997-05-03 00:00:00","","","","","","","","","","","","","","","","","","","","","","","","0","","","","","","","","","","","","","","","","","","","","","","","0","0","0","0","0","False","","False","0","0","0"
"7103187","","","","","","","","","","","","False","","","","","","","","","","425","1997-05-03 00:00:00","","","","","","","","","","","","","","","","","","","","","","","","0","","","","","","","","","","","","","","","","","","","","","","","0","0","0","0","0","False","","False","0","0","0"
"270004","","","","","","","","","","","","False","","","","","","","","","","446","1997-05-03 00:00:00","","","","","","","","","","","","","","","","","","","","","","","","0","","","","","","","","","","","","","","","","","","","","","","","0","0","0","0","0","False","","False","0","0","0"
"220044","","","","","","","","","","","","False","","","","","","","","","","437","1997-05-03 00:00:00","","","","","","","","","","","","","","","","","","","","","","","","0","","","","","","","","","","","","","","","","","","","","","","","0","0","0","0","0","False","","False","0","0","0"
"220172","","","","","","","","","","","","False","","","","","","","","","","434","1997-05-03 00:00:00","","","","","","","","","","","","","","","","","","","","","","","","0","","","","","","","","","","","","","","","","","","","","","","","0","0","0","0","0","False","","False","0","0","0"
"114105","","","","","","","","","","","","False","","","","","","","","","","453","1997-05-03 00:00:00","","","","","","","","","","","","","","","","","","","","","","","","0","","","","","","","","","","","","","","","","","","","","","","","0","0","0","0","0","False","","False","0","0","0"
"150125","","","","","","","","","","","","False","","","","","","","","","","449","1997-05-03 00:00:00","","","","","","","","","","","","","","","","","","","","","","","","0","","","","","","","","","","","","","","","","","","","","","","","0","0","0","0","0","False","","False","0","0","0"
"220202","","","","","","","","","","","","False","","","","","","","","","","381","1997-05-03 00:00:00","","","","","","","","","","","","","","","","","","","","","","","","0","","","","","","","","","","","","","","","","","","","","","","","0","0","0","0","0","False","","False","0","0","0"
"80201","","","","","","","","","","","","False","","","","","","","","","","338","1997-05-03 00:00:00","","","","","","","","","","","","","","","","","","","","","","","","0","","","","","","","","","","","","","","","","","","","","","","","0","0","0","0","0","False","","False","0","0","0"
"220117","","","","","","","","","","","","False","","","","","","","","","","414","1997-05-03 00:00:00","","","","","","","","","","","","","","","","","","","","","","","","0","","","","","","","","","","","","","","","","","","","","","","","0","0","0","0","0","False","","False","0","0","0"
"220133","","","","","","","","","","","","False","","","","","","","","","","466","1997-05-03 00:00:00","","","","","","","","","","","","","","","","","","","","","","","","0","","","","","","","","","","","","","","","","","","","","","","","0","0","0","0","0","False","","False","0","0","0"
"124209","","","","","","","","","","","","False","","","","","","","","","","443","1997-05-03 00:00:00","","","","","","","","","","","","","","","","","","","","","","","","0","","","","","","","","","","","","","","","","","","","","","","","0","0","0","0","0","False","","False","0","0","0"
"114231","","","","","","","","","","","","False","","","","","","","","","","412","1997-05-03 00:00:00","","","","","","","","","","","","","","","","","","","","","","","","0","","","","","","","","","","","","","","","","","","","","","","","0","0","0","0","0","False","","False","0","0","0"
"270924","","","","","","","","","","","","False","","","","","","","","","","426","1997-05-03 00:00:00","","","","","","","","","","","","","","","","","","","","","","","","0","","","","","","","","","","","","","","","","","","","","","","","0","0","0","0","0","False","","False","0","0","0"
"114225","","","","","","","","","","","","False","","","","","","","","","","427","1997-05-03 00:00:00","","","","","","","","","","","","","","","","","","","","","","","","0","","","","","","","","","","","","","","","","","","","","","","","0","0","0","0","0","False","","False","0","0","0"
"270190","","","","","","","","","","","","False","","","","","","","","","","425","1997-05-03 00:00:00","","","","","","","","","","","","","","","","","","","","","","","","0","","","","","","","","","","","","","","","","","","","","","","","0","0","0","0","0","False","","False","0","0","0"
"220016","","","","","","","","","","","","False","","","","","","","","","","438","1997-05-03 00:00:00","","","","","","","","","","","","","","","","","","","","","","","","0","","","","","","","","","","","","","","","","","","","","","","","0","0","0","0","0","False","","False","0","0","0"
"220074","","","","","","","","","","","","False","","","","","","","","","","424","1997-05-03 00:00:00","","","","","","","","","","","","","","","","","","","","","","","","0","","","","","","","","","","","","","","","","","","","","","","","0","0","0","0","0","False","","False","0","0","0"
"270010","","","","","","","","","","","","False","","","","","","","","","","493","1997-05-03 00:00:00","","","","","","","","","","","","","","","","","","","","","","","","0","","","","","","","","","","","","","","","","","","","","","","","0","0","0","0","0","False","","False","0","0","0"
"170103","","","","","","","","","","","","False","","","","","","","","","","459","1997-05-03 00:00:00","","","","","","","","","","","","","","","","","","","","","","","","0","","","","","","","","","","","","","","","","","","","","","","","0","0","0","0","0","False","","False","0","0","0"
"220118","","","","","","","","","","","","False","","","","","","","","","","454","1997-05-03 00:00:00","","","","","","","","","","","","","","","","","","","","","","","","0","","","","","","","","","","","","","","","","","","","","","","","0","0","0","0","0","False","","False","0","0","0"
"270882","","","","","","","","","","","","False","","","","","","","","","","451","1997-05-03 00:00:00","","","","","","","","","","","","","","","","","","","","","","","","0","","","","","","","","","","","","","","","","","","","","","","","0","0","0","0","0","False","","False","0","0","0"
"270668","","","","","","","","","","","","False","","","","","","","","","","481","1997-05-03 00:00:00","","","","","","","","","","","","","","","","","","","","","","","","0","","","","","","","","","","","","","","","","","","","","","","","0","0","0","0","0","False","","False","0","0","0"
"220002","","","","","","","","","","","","False","","","","","","","","","","434","1997-05-03 00:00:00","","","","","","","","","","","","","","","","","","","","","","","","0","","","","","","","","","","","","","","","","","","","","","","","0","0","0","0","0","False","","False","0","0","0"
"220094","","","","","","","","","","","","False","","","","","","","","","","423","1997-05-03 00:00:00","","","","","","","","","","","","","","","","","","","","","","","","0","","","","","","","","","","","","","","","","","","","","","","","0","0","0","0","0","False","","False","0","0","0"
"150131","","","","","","","","","","","","False","","","","","","","","","","479","1997-05-03 00:00:00","","","","","","","","","","","","","","","","","","","","","","","","0","","","","","","","","","","","","","","","","","","","","","","","0","0","0","0","0","False","","False","0","0","0"
"114189","","","","","","","","","","","","False","","","","","","","","","","427","1997-05-03 00:00:00","","","","","","","","","","","","","","","","","","","","","","","","0","","","","","","","","","","","","","","","","","","","","","","","0","0","0","0","0","False","","False","0","0","0"
"220112","","","","","","","","","","","","False","","","","","","","","","","454","1997-05-03 00:00:00","","","","","","","","","","","","","","","","","","","","","","","","0","","","","","","","","","","","","","","","","","","","","","","","0","0","0","0","0","False","","False","0","0","0"
"278189","","","","","","","","","","","","False","","","","","","","","","","427","1997-05-03 00:00:00","","","","","","","","","","","","","","","","","","","","","","","","0","","","","","","","","","","","","","","","","","","","","","","","0","0","0","0","0","False","","False","0","0","0"
"114131","","","","","","","","","","","","False","","","","","","","","","","449","1997-05-03 00:00:00","","","","","","","","","","","","","","","","","","","","","","","","0","","","","","","","","","","","","","","","","","","","","","","","0","0","0","0","0","False","","False","0","0","0"
"270026","","","","","","","","","","","","False","","","","","","","","","","420","1997-05-03 00:00:00","","","","","","","","","","","","","","","","","","","","","","","","0","","","","","","","","","","","","","","","","","","","","","","","0","0","0","0","0","False","","False","0","0","0"
"220155","","","","","","","","","","","","False","","","","","","","","","","437","1997-05-03 00:00:00","","","","","","","","","","","","","","","","","","","","","","","","0","","","","","","","","","","","","","","","","","","","","","","","0","0","0","0","0","False","","False","0","0","0"
"194035","","","","","","","","","","","","False","","","","","","","","","","470","1997-05-03 00:00:00","","","","","","","","","","","","","","","","","","","","","","","","0","","","","","","","","","","","","","","","","","","","","","","","0","0","0","0","0","False","","False","0","0","0"
"220159","","","","","","","","","","","","False","","","","","","","","","","407","1997-05-03 00:00:00","","","","","","","","","","","","","","","","","","","","","","","","0","","","","","","","","","","","","","","","","","","","","","","","0","0","0","0","0","False","","False","0","0","0"
"270088","","","","","","","","","","","","False","","","","","","","","","","440","1997-05-03 00:00:00","","","","","","","","","","","","","","","","","","","","","","","","0","","","","","","","","","","","","","","","","","","","","","","","0","0","0","0","0","False","","False","0","0","0"
"270211","","","","","","","","","","","","False","","","","","","","","","","500","1997-05-03 00:00:00","","","","","","","","","","","","","","","","","","","","","","","","0","","","","","","","","","","","","","","","","","","","","","","","0","0","0","0","0","False","","False","0","0","0"
"80277","","","","","","","","","","","","False","","","","","","","","","","431","1997-05-03 00:00:00","","","","","","","","","","","","","","","","","","","","","","","","0","","","","","","","","","","","","","","","","","","","","","","","0","0","0","0","0","False","","False","0","0","0"
"270907","","","","","","","","","","","","False","","","","","","","","","","389","1997-05-03 00:00:00","","","","","","","","","","","","","","","","","","","","","","","","0","","","","","","","","","","","","","","","","","","","","","","","0","0","0","0","0","False","","False","0","0","0"
"220174","","","","","","","","","","","","False","","","","","","","","","","443","1997-05-03 00:00:00","","","","","","","","","","","","","","","","","","","","","","","","0","","","","","","","","","","","","","","","","","","","","","","","0","0","0","0","0","False","","False","0","0","0"
"220035","","","","","","","","","","","","False","","","","","","","","","","438","1997-05-03 00:00:00","","","","","","","","","","","","","","","","","","","","","","","","0","","","","","","","","","","","","","","","","","","","","","","","0","0","0","0","0","False","","False","0","0","0"
"114190","","","","","","","","","","","","False","","","","","","","","","","444","1997-05-03 00:00:00","","","","","","","","","","","","","","","","","","","","","","","","0","","","","","","","","","","","","","","","","","","","","","","","0","0","0","0","0","False","","False","0","0","0"
"270152","","","","","","","","","","","","False","","","","","","","","","","416","1997-05-03 00:00:00","","","","","","","","","","","","","","","","","","","","","","","","0","","","","","","","","","","","","","","","","","","","","","","","0","0","0","0","0","False","","False","0","0","0"
"150102","","","","","","","","","","","","False","","","","","","","","","","413","1997-05-03 00:00:00","","","","","","","","","","","","","","","","","","","","","","","","0","","","","","","","","","","","","","","","","","","","","","","","0","0","0","0","0","False","","False","0","0","0"
"270200","","","","","","","","","","","","False","","","","","","","","","","423","1997-05-03 00:00:00","","","","","","","","","","","","","","","","","","","","","","","","0","","","","","","","","","","","","","","","","","","","","","","","0","0","0","0","0","False","","False","0","0","0"
"150326","","","","","","","","","","","","False","","","","","","","","","","456","1997-05-03 00:00:00","","","","","","","","","","","","","","","","","","","","","","","","0","","","","","","","","","","","","","","","","","","","","","","","0","0","0","0","0","False","","False","0","0","0"
"220075","","","","","","","","","","","","False","","","","","","","","","","395","1997-05-03 00:00:00","","","","","","","","","","","","","","","","","","","","","","","","0","","","","","","","","","","","","","","","","","","","","","","","0","0","0","0","0","False","","False","0","0","0"
"7103247","","","","","","","","","","","","False","","","","","","","","","","440","1997-05-03 00:00:00","","","","","","","","","","","","","","","","","","","","","","","","0","","","","","","","","","","","","","","","","","","","","","","","0","0","0","0","0","False","","False","0","0","0"
"270060","","","","","","","","","","","","False","","","","","","","","","","446","1997-05-03 00:00:00","","","","","","","","","","","","","","","","","","","","","","","","0","","","","","","","","","","","","","","","","","","","","","","","0","0","0","0","0","False","","False","0","0","0"
"230004","","","","","","","","","","","","False","","","","","","","","","","596","1997-05-03 00:00:00","","","","","","","","","","","","","","","","","","","","","","","","0","","","","","","","","","","","","","","","","","","","","","","","0","0","0","0","0","False","","False","0","0","0"
"270186","","","","","","","","","","","","False","","","","","","","","","","466","1997-05-03 00:00:00","","","","","","","","","","","","","","","","","","","","","","","","0","","","","","","","","","","","","","","","","","","","","","","","0","0","0","0","0","False","","False","0","0","0"
"194008","","","","","","","","","","","","False","","","","","","","","","","461","1997-05-03 00:00:00","","","","","","","","","","","","","","","","","","","","","","","","0","","","","","","","","","","","","","","","","","","","","","","","0","0","0","0","0","False","","False","0","0","0"
"270009","","","","","","","","","","","","False","","","","","","","","","","438","1997-05-03 00:00:00","","","","","","","","","","","","","","","","","","","","","","","","0","","","","","","","","","","","","","","","","","","","","","","","0","0","0","0","0","False","","False","0","0","0"
"270052","","","","","","","","","","","","False","","","","","","","","","","407","1997-05-03 00:00:00","","","","","","","","","","","","","","","","","","","","","","","","0","","","","","","","","","","","","","","","","","","","","","","","0","0","0","0","0","False","","False","0","0","0"
"230048","","","","","","","","","","","","False","","","","","","","","","","419","1997-05-03 00:00:00","","","","","","","","","","","","","","","","","","","","","","","","0","","","","","","","","","","","","","","","","","","","","","","","0","0","0","0","0","False","","False","0","0","0"
"270862","","","","","","","","","","","","False","","","","","","","","","","390","1997-05-03 00:00:00","","","","","","","","","","","","","","","","","","","","","","","","0","","","","","","","","","","","","","","","","","","","","","","","0","0","0","0","0","False","","False","0","0","0"
"270008","","","","","","","","","","","","False","","","","","","","","","","431","1997-05-03 00:00:00","","","","","","","","","","","","","","","","","","","","","","","","0","","","","","","","","","","","","","","","","","","","","","","","0","0","0","0","0","False","","False","0","0","0"
"270206","","","","","","","","","","","","False","","","","","","","","","","458","1997-05-03 00:00:00","","","","","","","","","","","","","","","","","","","","","","","","0","","","","","","","","","","","","","","","","","","","","","","","0","0","0","0","0","False","","False","0","0","0"
"150515","","","","","","","","","","","","False","","","","","","","","","","418","1997-05-03 00:00:00","","","","","","","","","","","","","","","","","","","","","","","","0","","","","","","","","","","","","","","","","","","","","","","","0","0","0","0","0","False","","False","0","0","0"
"271241","","","","","","","","","","","","False","","","","","","","","","","422","1997-05-03 00:00:00","","","","","","","","","","","","","","","","","","","","","","","","0","","","","","","","","","","","","","","","","","","","","","","","0","0","0","0","0","False","","False","0","0","0"
"270069","","","","","","","","","","","","False","","","","","","","","","","454","1997-05-03 00:00:00","","","","","","","","","","","","","","","","","","","","","","","","0","","","","","","","","","","","","","","","","","","","","","","","0","0","0","0","0","False","","False","0","0","0"
"150142","","","","","","","","","","","","False","","","","","","","","","","486","1997-05-03 00:00:00","","","","","","","","","","","","","","","","","","","","","","","","0","","","","","","","","","","","","","","","","","","","","","","","0","0","0","0","0","False","","False","0","0","0"
"270093","","","","","","","","","","","","False","","","","","","","","","","422","1997-05-03 00:00:00","","","","","","","","","","","","","","","","","","","","","","","","0","","","","","","","","","","","","","","","","","","","","","","","0","0","0","0","0","False","","False","0","0","0"
"220062","","","","","","","","","","","","False","","","","","","","","","","410","1997-05-03 00:00:00","","","","","","","","","","","","","","","","","","","","","","","","0","","","","","","","","","","","","","","","","","","","","","","","0","0","0","0","0","False","","False","0","0","0"
"140013","","","","","","","","","","","","False","","","","","","","","","","366","1997-05-03 00:00:00","","","","","","","","","","","","","","","","","","","","","","","","0","","","","","","","","","","","","","","","","","","","","","","","0","0","0","0","0","False","","False","0","0","0"
"220036","","","","","","","","","","","","False","","","","","","","","","","465","1997-05-03 00:00:00","","","","","","","","","","","","","","","","","","","","","","","","0","","","","","","","","","","","","","","","","","","","","","","","0","0","0","0","0","False","","False","0","0","0"
"220069","","","","","","","","","","","","False","","","","","","","","","","338","1997-05-03 00:00:00","","","","","","","","","","","","","","","","","","","","","","","","0","","","","","","","","","","","","","","","","","","","","","","","0","0","0","0","0","False","","False","0","0","0"
"270208","","","","","","","","","","","","False","","","","","","","","","","415","1997-05-03 00:00:00","","","","","","","","","","","","","","","","","","","","","","","","0","","","","","","","","","","","","","","","","","","","","","","","0","0","0","0","0","False","","False","0","0","0"
"220110","","","","","","","","","","","","False","","","","","","","","","","378","1997-05-03 00:00:00","","","","","","","","","","","","","","","","","","","","","","","","0","","","","","","","","","","","","","","","","","","","","","","","0","0","0","0","0","False","","False","0","0","0"
"220101","","","","","","","","","","","","False","","","","","","","","","","454","1997-05-03 00:00:00","","","","","","","","","","","","","","","","","","","","","","","","0","","","","","","","","","","","","","","","","","","","","","","","0","0","0","0","0","False","","False","0","0","0"
"114031","","","","","","","","","","","","False","","","","","","","","","","427","1997-05-03 00:00:00","","","","","","","","","","","","","","","","","","","","","","","","0","","","","","","","","","","","","","","","","","","","","","","","0","0","0","0","0","False","","False","0","0","0"
"270158","","","","","","","","","","","","False","","","","","","","","","","469","1997-05-03 00:00:00","","","","","","","","","","","","","","","","","","","","","","","","0","","","","","","","","","","","","","","","","","","","","","","","0","0","0","0","0","False","","False","0","0","0"
"2103007","","","","","","","","","","","","False","","","","","","","","","","447","1997-05-03 00:00:00","","","","","","","","","","","","","","","","","","","","","","","","0","","","","","","","","","","","","","","","","","","","","","","","0","0","0","0","0","False","","False","0","0","0"
"150246","","","","","","","","","","","","False","","","","","","","","","","448","1997-05-03 00:00:00","","","","","","","","","","","","","","","","","","","","","","","","0","","","","","","","","","","","","","","","","","","","","","","","0","0","0","0","0","False","","False","0","0","0"
"164182","","","","","","","","","","","","False","","","","","","","","","","398","1997-05-03 00:00:00","","","","","","","","","","","","","","","","","","","","","","","","0","","","","","","","","","","","","","","","","","","","","","","","0","0","0","0","0","False","","False","0","0","0"
"270894","","","","","","","","","","","","False","","","","","","","","","","403","1997-05-03 00:00:00","","","","","","","","","","","","","","","","","","","","","","","","0","","","","","","","","","","","","","","","","","","","","","","","0","0","0","0","0","False","","False","0","0","0"
"220017","","","","","","","","","","","","False","","","","","","","","","","469","1997-05-03 00:00:00","","","","","","","","","","","","","","","","","","","","","","","","0","","","","","","","","","","","","","","","","","","","","","","","0","0","0","0","0","False","","False","0","0","0"
"194019","","","","","","","","","","","","False","","","","","","","","","","464","1997-05-03 00:00:00","","","","","","","","","","","","","","","","","","","","","","","","0","","","","","","","","","","","","","","","","","","","","","","","0","0","0","0","0","False","","False","0","0","0"
"270835","","","","","","","","","","","","False","","","","","","","","","","454","1997-05-03 00:00:00","","","","","","","","","","","","","","","","","","","","","","","","0","","","","","","","","","","","","","","","","","","","","","","","0","0","0","0","0","False","","False","0","0","0"
"270181","","","","","","","","","","","","False","","","","","","","","","","405","1997-05-03 00:00:00","","","","","","","","","","","","","","","","","","","","","","","","0","","","","","","","","","","","","","","","","","","","","","","","0","0","0","0","0","False","","False","0","0","0"
"170016","","","","","","","","","","","","False","","","","","","","","","","484","1997-05-03 00:00:00","","","","","","","","","","","","","","","","","","","","","","","","0","","","","","","","","","","","","","","","","","","","","","","","0","0","0","0","0","False","","False","0","0","0"
"194110","","","","","","","","","","","","False","","","","","","","","","","481","1997-05-03 00:00:00","","","","","","","","","","","","","","","","","","","","","","","","0","","","","","","","","","","","","","","","","","","","","","","","0","0","0","0","0","False","","False","0","0","0"
"114144","","","","","","","","","","","","False","","","","","","","","","","424","1997-05-03 00:00:00","","","","","","","","","","","","","","","","","","","","","","","","0","","","","","","","","","","","","","","","","","","","","","","","0","0","0","0","0","False","","False","0","0","0"
"270085","","","","","","","","","","","","False","","","","","","","","","","437","1997-05-03 00:00:00","","","","","","","","","","","","","","","","","","","","","","","","0","","","","","","","","","","","","","","","","","","","","","","","0","0","0","0","0","False","","False","0","0","0"
"7103235","","","","","","","","","","","","False","","","","","","","","","","474","1997-05-03 00:00:00","","","","","","","","","","","","","","","","","","","","","","","","0","","","","","","","","","","","","","","","","","","","","","","","0","0","0","0","0","False","","False","0","0","0"
"220176","","","","","","","","","","","","False","","","","","","","","","","432","1997-05-03 00:00:00","","","","","","","","","","","","","","","","","","","","","","","","0","","","","","","","","","","","","","","","","","","","","","","","0","0","0","0","0","False","","False","0","0","0"
"71525","","","","","","","","","","","","False","","","","","","","","","","406","1997-05-03 00:00:00","","","","","","","","","","","","","","","","","","","","","","","","0","","","","","","","","","","","","","","","","","","","","","","","0","0","0","0","0","False","","False","0","0","0"
"270125","","","","","","","","","","","","False","","","","","","","","","","404","1997-05-03 00:00:00","","","","","","","","","","","","","","","","","","","","","","","","0","","","","","","","","","","","","","","","","","","","","","","","0","0","0","0","0","False","","False","0","0","0"
"270184","","","","","","","","","","","","False","","","","","","","","","","450","1997-05-03 00:00:00","","","","","","","","","","","","","","","","","","","","","","","","0","","","","","","","","","","","","","","","","","","","","","","","0","0","0","0","0","False","","False","0","0","0"
"220077","","","","","","","","","","","","False","","","","","","","","","","436","1997-05-03 00:00:00","","","","","","","","","","","","","","","","","","","","","","","","0","","","","","","","","","","","","","","","","","","","","","","","0","0","0","0","0","False","","False","0","0","0"
"220009","","","","","","","","","","","","False","","","","","","","","","","435","1997-05-03 00:00:00","","","","","","","","","","","","","","","","","","","","","","","","0","","","","","","","","","","","","","","","","","","","","","","","0","0","0","0","0","False","","False","0","0","0"
"270219","","","","","","","","","","","","False","","","","","","","","","","448","1997-05-03 00:00:00","","","","","","","","","","","","","","","","","","","","","","","","0","","","","","","","","","","","","","","","","","","","","","","","0","0","0","0","0","False","","False","0","0","0"
"114184","","","","","","","","","","","","False","","","","","","","","","","468","1997-05-03 00:00:00","","","","","","","","","","","","","","","","","","","","","","","","0","","","","","","","","","","","","","","","","","","","","","","","0","0","0","0","0","False","","False","0","0","0"
"150232","","","","","","","","","","","","False","","","","","","","","","","432","1997-05-03 00:00:00","","","","","","","","","","","","","","","","","","","","","","","","0","","","","","","","","","","","","","","","","","","","","","","","0","0","0","0","0","False","","False","0","0","0"
"114210","","","","","","","","","","","","False","","","","","","","","","","440","1997-05-03 00:00:00","","","","","","","","","","","","","","","","","","","","","","","","0","","","","","","","","","","","","","","","","","","","","","","","0","0","0","0","0","False","","False","0","0","0"
"270195","","","","","","","","","","","","False","","","","","","","","","","471","1997-05-03 00:00:00","","","","","","","","","","","","","","","","","","","","","","","","0","","","","","","","","","","","","","","","","","","","","","","","0","0","0","0","0","False","","False","0","0","0"
"170065","","","","","","","","","","","","False","","","","","","","","","","469","1997-05-03 00:00:00","","","","","","","","","","","","","","","","","","","","","","","","0","","","","","","","","","","","","","","","","","","","","","","","0","0","0","0","0","False","","False","0","0","0"
"114170","","","","","","","","","","","","False","","","","","","","","","","401","1997-05-03 00:00:00","","","","","","","","","","","","","","","","","","","","","","","","0","","","","","","","","","","","","","","","","","","","","","","","0","0","0","0","0","False","","False","0","0","0"
"114180","","","","","","","","","","","","False","","","","","","","","","","416","1997-05-03 00:00:00","","","","","","","","","","","","","","","","","","","","","","","","0","","","","","","","","","","","","","","","","","","","","","","","0","0","0","0","0","False","","False","0","0","0"
"270061","","","","","","","","","","","","False","","","","","","","","","","400","1997-05-03 00:00:00","","","","","","","","","","","","","","","","","","","","","","","","0","","","","","","","","","","","","","","","","","","","","","","","0","0","0","0","0","False","","False","0","0","0"
"270154","","","","","","","","","","","","False","","","","","","","","","","398","1997-05-03 00:00:00","","","","","","","","","","","","","","","","","","","","","","","","0","","","","","","","","","","","","","","","","","","","","","","","0","0","0","0","0","False","","False","0","0","0"
"270915","","","","","","","","","","","","False","","","","","","","","","","435","1997-05-03 00:00:00","","","","","","","","","","","","","","","","","","","","","","","","0","","","","","","","","","","","","","","","","","","","","","","","0","0","0","0","0","False","","False","0","0","0"
"114196","","","","","","","","","","","","False","","","","","","","","","","428","1997-05-03 00:00:00","","","","","","","","","","","","","","","","","","","","","","","","0","","","","","","","","","","","","","","","","","","","","","","","0","0","0","0","0","False","","False","0","0","0"
"220023","","","","","","","","","","","","False","","","","","","","","","","414","1997-05-03 00:00:00","","","","","","","","","","","","","","","","","","","","","","","","0","","","","","","","","","","","","","","","","","","","","","","","0","0","0","0","0","False","","False","0","0","0"
"222126","","","","","","","","","","","","False","","","","","","","","","","456","1997-05-03 00:00:00","","","","","","","","","","","","","","","","","","","","","","","","0","","","","","","","","","","","","","","","","","","","","","","","0","0","0","0","0","False","","False","0","0","0"
"270048","","","","","","","","","","","","False","","","","","","","","","","433","1997-05-03 00:00:00","","","","","","","","","","","","","","","","","","","","","","","","0","","","","","","","","","","","","","","","","","","","","","","","0","0","0","0","0","False","","False","0","0","0"
"270007","","","","","","","","","","","","False","","","","","","","","","","442","1997-05-03 00:00:00","","","","","","","","","","","","","","","","","","","","","","","","0","","","","","","","","","","","","","","","","","","","","","","","0","0","0","0","0","False","","False","0","0","0"
"270012","","","","","","","","","","","","False","","","","","","","","","","467","1997-05-03 00:00:00","","","","","","","","","","","","","","","","","","","","","","","","0","","","","","","","","","","","","","","","","","","","","","","","0","0","0","0","0","False","","False","0","0","0"
"270064","","","","","","","","","","","","False","","","","","","","","","","410","1997-05-03 00:00:00","","","","","","","","","","","","","","","","","","","","","","","","0","","","","","","","","","","","","","","","","","","","","","","","0","0","0","0","0","False","","False","0","0","0"
"7103132","","","","","","","","","","","","False","","","","","","","","","","439","1997-05-03 00:00:00","","","","","","","","","","","","","","","","","","","","","","","","0","","","","","","","","","","","","","","","","","","","","","","","0","0","0","0","0","False","","False","0","0","0"
"260038","","","","","","","","","","","","False","","","","","","","","","","437","1997-05-03 00:00:00","","","","","","","","","","","","","","","","","","","","","","","","0","","","","","","","","","","","","","","","","","","","","","","","0","0","0","0","0","False","","False","0","0","0"
"270215","","","","","","","","","","","","False","","","","","","","","","","387","1997-05-03 00:00:00","","","","","","","","","","","","","","","","","","","","","","","","0","","","","","","","","","","","","","","","","","","","","","","","0","0","0","0","0","False","","False","0","0","0"
"220173","","","","","","","","","","","","False","","","","","","","","","","397","1997-05-03 00:00:00","","","","","","","","","","","","","","","","","","","","","","","","0","","","","","","","","","","","","","","","","","","","","","","","0","0","0","0","0","False","","False","0","0","0"
"270847","","","","","","","","","","","","False","","","","","","","","","","431","1997-05-03 00:00:00","","","","","","","","","","","","","","","","","","","","","","","","0","","","","","","","","","","","","","","","","","","","","","","","0","0","0","0","0","False","","False","0","0","0"
"230024","","","","","","","","","","","","False","","","","","","","","","","506","1997-05-03 00:00:00","","","","","","","","","","","","","","","","","","","","","","","","0","","","","","","","","","","","","","","","","","","","","","","","0","0","0","0","0","False","","False","0","0","0"
"220102","","","","","","","","","","","","False","","","","","","","","","","420","1997-05-03 00:00:00","","","","","","","","","","","","","","","","","","","","","","","","0","","","","","","","","","","","","","","","","","","","","","","","0","0","0","0","0","False","","False","0","0","0"
"270140","","","","","","","","","","","","False","","","","","","","","","","418","1997-05-03 00:00:00","","","","","","","","","","","","","","","","","","","","","","","","0","","","","","","","","","","","","","","","","","","","","","","","0","0","0","0","0","False","","False","0","0","0"
"220063","","","","","","","","","","","","False","","","","","","","","","","363","1997-05-03 00:00:00","","","","","","","","","","","","","","","","","","","","","","","","0","","","","","","","","","","","","","","","","","","","","","","","0","0","0","0","0","False","","False","0","0","0"
"220044","","","","","","","","","","","","False","","","","","","","","","","425","1997-05-03 00:00:00","","","","","","","","","","","","","","","","","","","","","","","","0","","","","","","","","","","","","","","","","","","","","","","","0","0","0","0","0","False","","False","0","0","0"
"270159","","","","","","","","","","","","False","","","","","","","","","","440","1997-05-03 00:00:00","","","","","","","","","","","","","","","","","","","","","","","","0","","","","","","","","","","","","","","","","","","","","","","","0","0","0","0","0","False","","False","0","0","0"
"170005","","","","","","","","","","","","False","","","","","","","","","","457","1997-05-03 00:00:00","","","","","","","","","","","","","","","","","","","","","","","","0","","","","","","","","","","","","","","","","","","","","","","","0","0","0","0","0","False","","False","0","0","0"
"270063","","","","","","","","","","","","False","","","","","","","","","","494","1997-05-03 00:00:00","","","","","","","","","","","","","","","","","","","","","","","","0","","","","","","","","","","","","","","","","","","","","","","","0","0","0","0","0","False","","False","0","0","0"
"194080","","","","","","","","","","","","False","","","","","","","","","","458","1997-05-03 00:00:00","","","","","","","","","","","","","","","","","","","","","","","","0","","","","","","","","","","","","","","","","","","","","","","","0","0","0","0","0","False","","False","0","0","0"
"270129","","","","","","","","","","","","False","","","","","","","","","","402","1997-05-03 00:00:00","","","","","","","","","","","","","","","","","","","","","","","","0","","","","","","","","","","","","","","","","","","","","","","","0","0","0","0","0","False","","False","0","0","0"
"170017","","","","","","","","","","","","False","","","","","","","","","","466","1997-05-03 00:00:00","","","","","","","","","","","","","","","","","","","","","","","","0","","","","","","","","","","","","","","","","","","","","","","","0","0","0","0","0","False","","False","0","0","0"
"220201","","","","","","","","","","","","False","","","","","","","","","","439","1997-05-03 00:00:00","","","","","","","","","","","","","","","","","","","","","","","","0","","","","","","","","","","","","","","","","","","","","","","","0","0","0","0","0","False","","False","0","0","0"
